,index,Source,Net_Profit
,,,sum
0,1,SimpleWebsite,420913.5900000005
1,2,WalMart,288072.059999997
2,3,eBay,80831.89000000003
3,0,Amazon,65911.15000000001
