Sub_Type,0
ATV/UTV,138.3816995495907
Antique,1.8274315781553925
Commercial,307.89240230273236
Farm,161.6957281057676
Golf,24.899322314365858
Industrial,53.95151874758919
Lawn & Garden,271.32337369613884
Light Truck,2926.658979549697
Motorcycle,4.026106507245156
OTR,8.365862437369362
Passenger,9628.598032671214
Racing,4.814556617008605
Temp Spare,7.258379340095059
Trailer,1351.296014724439
